INSERT INTO "public"."courses" ("id", "title", "description", "plan_id") VALUES ('fad6e183-a20c-4034-8a51-e53ab14e6528', 'Quran-Lesehack', 'Leadmagnet', '7fee5a7c-dd11-44a2-b1ad-ebfb55be4fb0');
INSERT INTO "public"."course_modules" ("id", "title", "description", "thumbnail", "display_order", "course_id") VALUES ('4e8b6e8d-38be-4493-b17b-84938da58db7', 'Deine Lektionen', 'Hier lernst du in 2 Wochen die Grundlagen des Quranlesens. Du übst jede Woche 3 arabische Buchstaben und machst durch gezielte Lektionen und Übungen schnelle Fortschritte im Lesen.', '/img/modul-2.png', '2', 'fad6e183-a20c-4034-8a51-e53ab14e6528'), ('f2727fdc-a470-465f-b259-9876fe3e8210', 'Wie geht es weiter?', 'Das letzte Modul bringt dich zum Ziel! Fortsetzung des Kurses mit einer einzigartigen Methode, die dich zum Lesen ganzer Verse führt. Sichere dir jetzt lebenslangen Zugang!', '/img/modul-3.png', '3', 'fad6e183-a20c-4034-8a51-e53ab14e6528'), ('fc4fb232-cf28-4ae7-9057-61ba1428b9cc', 'Einführung', 'Dieser Einführungskurs bereitet dich optimal vor, erklärt den Kursaufbau und stärkt dein Mindset für konstante Fortschritte. Marcel Krass begrüßt dich persönlich!', '/img/modul-1.png', '1', 'fad6e183-a20c-4034-8a51-e53ab14e6528');
INSERT INTO "public"."course_sections" ("id", "module_id", "title", "display_order") VALUES ('20e9a01c-f5e1-43d1-8518-ff94741a2d81', '4e8b6e8d-38be-4493-b17b-84938da58db7', 'Einführung', '1'), ('46a027a1-5edd-43f5-bb19-2535f17a9c0a', '4e8b6e8d-38be-4493-b17b-84938da58db7', 'Woche 1', '2'), ('64c66606-e084-4d32-a56c-0348a7e8b415', 'fc4fb232-cf28-4ae7-9057-61ba1428b9cc', 'Herzlich Willkommen!', '1'), ('7aef3f4b-666b-493c-b1f1-8dc02b60176d', '4e8b6e8d-38be-4493-b17b-84938da58db7', 'Woche 2', '3'), ('7dc30073-8c87-4d93-b84a-f037bcbc1e6d', 'f2727fdc-a470-465f-b259-9876fe3e8210', 'Einführung', '1'), ('9a21863c-cb0e-4915-afe9-a4c3b3c33466', '4e8b6e8d-38be-4493-b17b-84938da58db7', 'Abschluss des Moduls', '4'), ('a17c7919-617e-4c44-9e60-8371ba2fb1a6', 'f2727fdc-a470-465f-b259-9876fe3e8210', 'Abschluss des Moduls', '3'), ('abd6e8c4-56d8-4d4c-a058-69dfe7aea91f', 'f2727fdc-a470-465f-b259-9876fe3e8210', 'Was macht die QSK Methode besonders?', '2'), ('bb28be7f-9b93-4e73-93b2-83ab7e43c168', 'fc4fb232-cf28-4ae7-9057-61ba1428b9cc', 'Abschluss des Moduls', '4'), ('d859a7c9-1409-4a34-8eb9-6bedb472c69d', 'fc4fb232-cf28-4ae7-9057-61ba1428b9cc', 'Mindset & Vorgehen beim Lernen', '3'), ('ed625381-c323-4975-b03f-f311f91e39f1', 'fc4fb232-cf28-4ae7-9057-61ba1428b9cc', 'Einführung und Übersicht', '2');
INSERT INTO "public"."course_videos" ("id", "title", "section_id", "thumbnail", "vimeo_id", "exercise_id", "display_order") VALUES ('191fcc9f-a678-4fd3-83cb-e2ffae47987e', 'Viel Spaß und Erfolg beim Lernen!', '64c66606-e084-4d32-a56c-0348a7e8b415', '/img/thumbnails/lesson-3.jpg', '1067696440', null, '3'), ('29b285be-36ca-4c83-84e9-cfa18183b97f', 'Einführung in dieses Lernmodul', '20e9a01c-f5e1-43d1-8518-ff94741a2d81', '/img/thumbnails/lesson-13.jpg', '1067679494', null, '1'), ('2d4dbe45-d25c-415a-9dbe-c26adb7118d3', 'Was du bisher gelernt hast', 'bb28be7f-9b93-4e73-93b2-83ab7e43c168', '/img/thumbnails/lesson-11.jpg', '1067679183', null, '1'), ('2e7c900b-f75f-4b43-85cb-3edfe72d3ee4', 'Investiere jeden Tag ein bisschen!', 'd859a7c9-1409-4a34-8eb9-6bedb472c69d', '/img/thumbnails/lesson-11.jpg', '1067679109', null, '6'), ('2f809a5e-65ff-456d-bdc8-b2d719a1ae47', 'Überprüfe deine Aussprache!', '64c66606-e084-4d32-a56c-0348a7e8b415', '/img/thumbnails/lesson-2.jpg', '1067696095', null, '2'), ('307885ea-4f27-4977-a678-cd886b49d3c0', 'Wir freuen uns, von dir zu hören!', 'a17c7919-617e-4c44-9e60-8371ba2fb1a6', '/img/thumbnails/lesson-32.jpg', '1067679987', null, '1'), ('422fb10c-19ca-4fed-b14f-12d7e767784e', 'Herzlichen Glückwunsch zum Abschluss!', '9a21863c-cb0e-4915-afe9-a4c3b3c33466', '/img/thumbnails/lesson-21.jpg', '1067679562', null, '1'), ('44fef5d2-1c22-4f78-a48f-42f5818ae402', 'Es liegt nicht an dir!', 'abd6e8c4-56d8-4d4c-a058-69dfe7aea91f', '/img/thumbnails/lesson-30.jpg', '1067679856', null, '7'), ('48c906c1-9c31-49cc-9a65-32010d15f80e', 'Balance zwischen Theorie und Praxis', 'd859a7c9-1409-4a34-8eb9-6bedb472c69d', '/img/thumbnails/lesson-8.jpg', '1067678968', null, '3'), ('491fc5f0-4b9d-443b-b6f0-54ded6091776', 'Glaube an dich selbst!', 'd859a7c9-1409-4a34-8eb9-6bedb472c69d', '/img/thumbnails/lesson-10.jpg', '1067679048', null, '5'), ('54f95c6c-6ecd-41ba-884a-8610a4a6a2cb', '3. Alternative: Online-Live-Unterricht?', 'abd6e8c4-56d8-4d4c-a058-69dfe7aea91f', '/img/thumbnails/lesson-27.jpg', '1067679791', null, '4'), ('57165e08-1e3e-4906-84ae-c119dac4984f', 'Zuallerst: Du hast es geschafft!', '7dc30073-8c87-4d93-b84a-f037bcbc1e6d', '/img/thumbnails/lesson-23.jpg', '1067680021', null, '1'), ('59f73f16-24f5-4ab5-9162-322ab8585683', 'Sei geduldig und lass dir helfen', 'd859a7c9-1409-4a34-8eb9-6bedb472c69d', '/img/thumbnails/lesson-9.jpg', '1067679148', null, '4'), ('5b30317d-19cc-4e26-ad1e-c88065f774a9', '1. Alternative: Moschee?', 'abd6e8c4-56d8-4d4c-a058-69dfe7aea91f', '/img/thumbnails/lesson-25.jpg', '1067679723', null, '2'), ('5b76cb2f-460d-427c-9d60-9c5c96a9da20', 'Was ist im Quran Lesehack enthalten?', 'ed625381-c323-4975-b03f-f311f91e39f1', '/img/thumbnails/lesson-5.jpg', '1067679215', null, '2'), ('604bbf02-ec7e-4ce0-8356-77b9e1f284dc', 'Wie geht es nun weiter?', 'abd6e8c4-56d8-4d4c-a058-69dfe7aea91f', '/img/thumbnails/lesson-24.jpg', '1067679957', null, '1'), ('63cc6e09-6d83-4cc3-a56c-8b46c1603bf8', 'Lektion 5 - ج', '7aef3f4b-666b-493c-b1f1-8dc02b60176d', '/img/thumbnails/lesson-19.jpg', '1067743600', null, '2'), ('63ffb64e-53b7-4b13-a7eb-aa78b5452f46', 'Lektion 1 - ا', '46a027a1-5edd-43f5-bb19-2535f17a9c0a', '/img/thumbnails/lesson-15.jpg', '1067742691', null, '1'), ('66ab5a02-4719-4971-bd91-2dfb586b8f64', '4. Alternative: Lern-Apps', 'abd6e8c4-56d8-4d4c-a058-69dfe7aea91f', '/img/thumbnails/lesson-28.jpg', '1067679825', null, '5'), ('66c6f75b-d4ae-4f33-ab98-c82eed71a173', 'Starte durch mit QSK!', 'abd6e8c4-56d8-4d4c-a058-69dfe7aea91f', '/img/thumbnails/lesson-31.jpg', '1067679890', null, '8'), ('738043d1-847f-409e-ae0c-4f487b4ebf77', 'Lektion 6 - ح', '7aef3f4b-666b-493c-b1f1-8dc02b60176d', '/img/thumbnails/lesson-20.jpg', '1067743722', null, '3'), ('826f5d37-7a65-4e12-b14b-3ac2466369b2', 'Abschluss dieses Moduls', '9a21863c-cb0e-4915-afe9-a4c3b3c33466', '/img/thumbnails/lesson-22.jpg', '1067679463', null, '2'), ('8397b81a-fadd-41c1-9384-25c6f4bc5100', 'Lektion 2 - ب', '46a027a1-5edd-43f5-bb19-2535f17a9c0a', '/img/thumbnails/lesson-16.jpg', '1067742803', null, '2'), ('8e54c30d-e8e3-4f2a-aad2-81362a393b4c', 'Assalamu Aleikum zum Quran Lesehack!', 'ed625381-c323-4975-b03f-f311f91e39f1', '/img/thumbnails/lesson-4.jpg', '1067678934', null, '1'), ('927281ac-e431-464e-88bc-aa4b467a93ee', '2. Alternative: Videokurs?', 'abd6e8c4-56d8-4d4c-a058-69dfe7aea91f', '/img/thumbnails/lesson-26.jpg', '1067679760', null, '3'), ('a5f68357-6342-45f3-839c-5b674bd87ce5', 'Herzlich Willkommen zum Quran Lesehack!', '64c66606-e084-4d32-a56c-0348a7e8b415', '/img/thumbnails/lesson-1.jpg', '1067564218', null, '1'), ('b4fea7da-5b60-4967-b11d-2c6d492feb94', 'Das Allerwichtigste: Fasse deine Absicht!', 'd859a7c9-1409-4a34-8eb9-6bedb472c69d', '/img/thumbnails/lesson-7.jpg', '1067679001', null, '2'), ('b57b4697-c75e-4cc6-8379-426542ae6a14', 'Erklärung der Übungsseite', '20e9a01c-f5e1-43d1-8518-ff94741a2d81', '/img/thumbnails/lesson-14.jpg', '1067679513', null, '2'), ('bfde78df-b9fc-4f96-a4ea-68147ae4da44', 'Was haben alle Alternativen gemeinsam?', 'abd6e8c4-56d8-4d4c-a058-69dfe7aea91f', '/img/thumbnails/lesson-29.jpg', '1067679926', null, '6'), ('c681909e-f9ec-4fce-aeec-51d686957e55', 'QSK für Kinder', 'a17c7919-617e-4c44-9e60-8371ba2fb1a6', '/img/thumbnails/lesson-33.jpg', '1067679873', null, '2'), ('d56c36a5-0b18-4e1b-9e32-5edc40999cd4', 'Lektion 3 - ت', '46a027a1-5edd-43f5-bb19-2535f17a9c0a', '/img/thumbnails/lesson-17.jpg', '1067742929', null, '3'), ('e9e70008-38e3-4392-9be9-79ce33b981a8', 'Impulse für dein Mindset', 'd859a7c9-1409-4a34-8eb9-6bedb472c69d', '/img/thumbnails/lesson-6.jpg', '1067679085', null, '1'), ('ef69a027-6b19-4c9f-b7ad-da2cfa7965b1', 'Lektion 4 - ث', '7aef3f4b-666b-493c-b1f1-8dc02b60176d', '/img/thumbnails/lesson-18.jpg', '1067743409', null, '1');
